{"tf_idf": {"chapter": 0.7937796813516852, "vii": 2.235138723106289, "rudder": 5.103467674011977, "glider": 4.135977187738104, "rule": 1.533950403324481, "rear": 2.0905138516098205, "apparatus": 1.3667896035838174, "head": 1.4736387126874804, "wind": 1.6697538568165864, "boat": 1.6000143857345102, "machine": 1.1915080742534172, "wire": 5.306596526682145, "cable": 2.0804673996527114, "operator": 1.0534973894062796, "become": 2.0804673996527114, "manipulation": 1.754685709188088, "cross": 6.293206860582155, "piece": 6.3904095182808085, "beam": 6.136407149153227, "foot": 2.708788826515512, "inch": 3.4216831287027065, "center": 2.335662099220654, "strut": 1.754685709188088, "plane": 2.8131129648629503, "brace": 5.431183474048981, "method": 1.4736387126874804, "preferable": 2.7155917370244906, "frame": 5.0191341903152225, "place": 1.2322109095853118, "duplicate": 2.235138723106289, "dimension": 1.533950403324481, "end": 3.0828048650137543, "advance": 1.6000143857345102, "step": 2.235138723106289, "construct": 1.9540917266056819, "section": 2.4312538672353954, "horizontal": 3.6944852350040382, "aeroplane": 0.8620131402763069, "steady\u2014preserves": 2.7155917370244906, "equilibrium": 1.4181573355391848, "form": 1.0226857755093859, "bottom": 3.6944852350040382, "length": 1.2742326952698866, "completes": 2.7155917370244906, "page": 2.7811110496144273, "require": 2.4345447405238834, "strip": 4.537260479992687, "spot": 2.0804673996527114, "bolt": 3.0971621096394633, "screw": 3.0971621096394633, "corner": 5.652837831282668, "illustration": 1.533950403324481, "framework": 2.4312538672353954, "manner": 1.4181573355391848, "rigidity": 2.0804673996527114, "guy": 2.0804673996527114, "purpose": 1.3189673892339024, "piano": 2.4345447405238834, "stanchion": 3.297462812422402, "join": 2.4345447405238834, "point": 1.2322109095853118, "top": 2.4345447405238834, "diagonal": 2.7155917370244906, "rest": 2.235138723106289, "truss": 2.4345447405238834, "connection": 1.1925917161868729, "body": 1.2742326952698866, "way": 0.9931856987692791, "turn-buckles": 2.4345447405238834, "tension": 2.235138723106289, "nail": 4.304111070452045, "light": 1.754685709188088}, "key_nouns": {"piece": 1.0, "cross": 0.9847892912933688, "beam": 0.9602525677891274, "corner": 0.8845814677622466, "brace": 0.8498959978248961, "wire": 0.8304000724056511, "rudder": 0.7986135566762468, "frame": 0.7854166741516597, "strip": 0.7100109104139748, "nail": 0.6735266430327248, "glider": 0.6472162974698987, "horizontal": 0.5781296526357756, "bottom": 0.5781296526357756, "inch": 0.5354403530657033, "stanchion": 0.5160017997265233, "bolt": 0.48465784560121317, "screw": 0.48465784560121317, "end": 0.4824111594405473, "plane": 0.44020855890621435, "page": 0.4352007553911225, "preferable": 0.42494799891244806, "steady\u2014preserves": 0.42494799891244806, "completes": 0.42494799891244806, "diagonal": 0.42494799891244806, "foot": 0.42388344890363905, "require": 0.38096850187135445, "piano": 0.38096850187135445, "join": 0.38096850187135445, "top": 0.38096850187135445, "truss": 0.38096850187135445, "turn-buckles": 0.38096850187135445, "section": 0.3804535312299466, "framework": 0.3804535312299466, "center": 0.365494901780412, "vii": 0.34976455213274055, "duplicate": 0.34976455213274055, "step": 0.34976455213274055, "rest": 0.34976455213274055, "tension": 0.34976455213274055, "rear": 0.32713300229501174, "cable": 0.3255608883438839, "become": 0.3255608883438839, "spot": 0.3255608883438839, "rigidity": 0.3255608883438839, "guy": 0.3255608883438839, "construct": 0.30578505509164694, "manipulation": 0.2745811053530331, "strut": 0.2745811053530331, "light": 0.2745811053530331, "wind": 0.2612905874091454, "boat": 0.25037744156417646, "advance": 0.25037744156417646, "rule": 0.240039452704301, "dimension": 0.240039452704301, "illustration": 0.240039452704301, "head": 0.2306016083119394, "method": 0.2306016083119394, "equilibrium": 0.22191963308177895, "manner": 0.22191963308177895, "apparatus": 0.2138813795381803, "purpose": 0.20639794452308277, "length": 0.19939765857332556, "body": 0.19939765857332556, "place": 0.19282190070297867, "point": 0.19282190070297867, "connection": 0.18662211127084577, "machine": 0.18645253811119836, "operator": 0.16485600592459349, "form": 0.1600344661142336, "way": 0.15541816153223192, "aeroplane": 0.13489169008815127, "chapter": 0.12421421179361808}}