{"tf_idf": {"chapter": 0.7937796813516852, "iv": 2.2351387231062896, "form": 2.8710419455945724, "machine": 1.943265969920528, "aeroplane": 2.5860394208289206, "helicopter": 7.30363422157165, "ornithopers": 4.304111070452046, "precedence": 2.7155917370244906, "aviator": 1.5741620888018457, "feature": 1.3667896035838176, "time": 1.0226857755093859, "respect": 1.754685709188088, "advantage": 2.0196110391956186, "get": 1.8472426175020191, "name": 1.6000143857345102, "propeller": 1.3189673892339024, "helix": 2.7155917370244906, "illustration": 1.533950403324481, "action": 1.0534973894062796, "air": 1.4048102576370765, "headway": 1.6730447301050742, "float": 2.7155917370244906, "case": 1.2742326952698866, "space": 1.9540917266056819, "instance": 1.5741620888018457, "possesses": 2.7155917370244906, "drawback": 2.0804673996527114, "deficient": 2.7155917370244906, "capacity": 2.9472774253749607, "power": 1.0226857755093859, "ornithopter": 4.304111070452046, "plane": 3.2439239791484678, "work": 1.08574260708321, "bird": 2.090513851609821, "thought": 2.4345447405238834, "principle": 1.3189673892339024, "experimenter": 3.2974628124224035, "operation": 1.2322109095853118, "line": 1.3667896035838176, "reality": 2.2351387231062896, "sustain": 1.8472426175020191, "body": 1.2742326952698866, "rate": 1.6000143857345102, "aviation": 1.7208613176621124, "toy": 2.4345447405238834, "construct": 1.9540917266056819, "scale": 2.0804673996527114, "man": 1.2322109095853118, "flight": 0.8620131402763069, "kind": 1.4736387126874804, "success": 2.5359628020035943, "monoplane": 2.9586766945711966, "bleriot": 1.3667896035838176, "biplane": 3.185218994257538, "wright": 1.6697538568165866, "curtis": 1.830814235125219, "farman": 1.4181573355391848, "others": 1.1195613718163087, "triplane": 2.0804673996527114, "advocate": 2.2351387231062896, "lavimer": 2.7155917370244906, "balance": 1.9540917266056819, "favor": 1.9540917266056819, "latter": 1.6000143857345102, "construction": 1.7208613176621124, "requisite": 2.7155917370244906, "convenient": 2.4345447405238834, "opinion": 2.0804673996527114, "fact": 1.0534973894062796, "surface": 2.3746028343969128, "resistance": 1.2322109095853118, "speed": 1.0534973894062796, "hand": 1.1925917161868729, "size": 1.3667896035838176, "difference": 1.533950403324481, "idea": 1.3189673892339024, "rigging": 2.7155917370244906, "place": 1.2322109095853118, "rudder": 3.0480648520827045, "front": 2.3851834323737457, "rear": 2.637934778467805, "partition": 4.304111070452046, "bicycle": 4.160934799305423, "wheel": 3.509371418376176, "skid": 2.0804673996527114, "voisin": 1.533950403324481, "increase": 1.6000143857345102, "stability": 1.4181573355391848, "attache": 2.2351387231062896, "horizontal": 1.8472426175020191, "gear": 1.9540917266056819}, "key_nouns": {"helicopter": 1.0, "ornithopers": 0.5893108745423803, "ornithopter": 0.5893108745423803, "partition": 0.5893108745423803, "bicycle": 0.5697074460569087, "wheel": 0.4804966009950323, "experimenter": 0.45148246919091073, "plane": 0.44415203181552765, "biplane": 0.43611425457888264, "rudder": 0.41733536478046673, "monoplane": 0.4050965046733305, "capacity": 0.4035357379576909, "form": 0.3930977179983639, "precedence": 0.371813764852004, "helix": 0.371813764852004, "float": 0.371813764852004, "possesses": 0.371813764852004, "deficient": 0.371813764852004, "lavimer": 0.371813764852004, "requisite": 0.371813764852004, "rigging": 0.371813764852004, "rear": 0.3611811186650794, "aeroplane": 0.35407570291388957, "success": 0.347219305494996, "thought": 0.33333333333333337, "toy": 0.33333333333333337, "convenient": 0.33333333333333337, "front": 0.32657487492034953, "surface": 0.3251261991439008, "iv": 0.3060310326747601, "reality": 0.3060310326747601, "advocate": 0.3060310326747601, "attache": 0.3060310326747601, "bird": 0.2862292645263345, "drawback": 0.28485372302845435, "scale": 0.28485372302845435, "triplane": 0.28485372302845435, "opinion": 0.28485372302845435, "skid": 0.28485372302845435, "advantage": 0.27652138345463634, "space": 0.2675506011560894, "construct": 0.2675506011560894, "balance": 0.2675506011560894, "favor": 0.2675506011560894, "gear": 0.2675506011560894, "machine": 0.26606835870572415, "get": 0.25292102006506506, "sustain": 0.25292102006506506, "horizontal": 0.25292102006506506, "curtis": 0.25067167653574673, "respect": 0.24024830049751614, "aviation": 0.2356171277826951, "construction": 0.2356171277826951, "headway": 0.2290701696374187, "wright": 0.22861958939357682, "name": 0.2190709908512104, "rate": 0.2190709908512104, "latter": 0.2190709908512104, "increase": 0.2190709908512104, "aviator": 0.21553134248597489, "instance": 0.21553134248597489, "illustration": 0.21002563337494115, "difference": 0.21002563337494115, "voisin": 0.21002563337494115, "kind": 0.20176786897884544, "farman": 0.19417146211273642, "stability": 0.19417146211273642, "air": 0.192344005055442, "feature": 0.1871382878878211, "line": 0.1871382878878211, "bleriot": 0.1871382878878211, "size": 0.1871382878878211, "propeller": 0.1805905593325397, "principle": 0.1805905593325397, "idea": 0.1805905593325397, "case": 0.17446556832027219, "body": 0.17446556832027219, "operation": 0.1687120236588403, "man": 0.1687120236588403, "resistance": 0.1687120236588403, "place": 0.1687120236588403, "hand": 0.16328743746017477, "others": 0.15328825867396645, "work": 0.1486578563691504, "action": 0.1442429011976972, "fact": 0.1442429011976972, "speed": 0.1442429011976972, "time": 0.14002423238677975, "power": 0.14002423238677975, "flight": 0.11802523430462987, "chapter": 0.10868283614302823}}