{"tf_idf": {"chapter": 0.7937796813516852, "ii": 1.8472426175020191, "rudder": 4.951900972123228, "glider": 3.9652042705598767, "rule": 1.4736387126874804, "rear": 2.019611039195618, "apparatus": 1.3189673892339024, "head": 1.4181573355391848, "wind": 1.620918604203311, "boat": 1.533950403324481, "motor": 1.0534973894062796, "machine": 1.1596620100262425, "wire": 5.097952357119034, "cable": 1.9540917266056819, "operator": 1.0226857755093859, "become": 1.9540917266056819, "manipulation": 1.6730447301050742, "amateur": 2.535962802003594, "cross": 6.27482769579399, "piece": 6.070215223136282, "beam": 6.290482467990604, "begin": 2.4345447405238834, "foot": 2.9724523730668584, "inch": 3.2928593603590373, "center": 2.2477261969522377, "strut": 1.6730447301050742, "plane": 3.0280860140720303, "brace": 4.869089481047767, "method": 1.4181573355391848, "preferable": 2.4345447405238834, "frame": 4.80004315720353, "place": 1.1925917161868729, "duplicate": 2.0804673996527114, "dimension": 1.4736387126874804, "end": 2.9859294093278894, "advance": 1.533950403324481, "step": 3.297462812422402, "construct": 1.8472426175020191, "section": 2.335662099220654, "horizontal": 4.074254045861178, "aeroplane": 1.3290138411910117, "preserve": 1.754685709188088, "equilibrium": 1.3667896035838174, "form": 0.9931856987692791, "bottom": 4.074254045861178, "length": 1.2322109095853118, "completes": 2.4345447405238834, "page": 2.65171315924569, "require": 2.235138723106289, "strip": 3.6944852350040382, "spot": 1.9540917266056819, "bolt": 4.289164531651208, "screw": 2.927810278474694, "corner": 5.777749783139526, "illustration": 1.4736387126874804, "framework": 2.335662099220654, "manner": 1.3667896035838174, "rigidity": 1.9540917266056819, "guy": 1.9540917266056819, "purpose": 1.2742326952698866, "piano": 2.235138723106289, "top": 3.5426110600332357, "eye": 3.0971621096394633, "sanction": 3.858662120058272, "join": 2.235138723106289, "point": 1.1925917161868729, "diagonal": 2.4345447405238834, "rest": 2.0804673996527114, "truss": 2.235138723106289, "connection": 1.1551151742026706, "body": 1.2322109095853118, "way": 0.9648900483627307, "turn": 1.754685709188088, "buckle": 2.4345447405238834, "tension": 2.0804673996527114, "tack": 2.235138723106289, "nail": 3.858662120058272, "light": 1.6730447301050742}, "key_nouns": {"beam": 1.0, "cross": 0.9975113558814805, "piece": 0.9649840459813437, "corner": 0.9184907219024707, "wire": 0.8104231087297656, "rudder": 0.7872052735734013, "brace": 0.7740407044808315, "frame": 0.763064388404031, "bolt": 0.681849850703314, "horizontal": 0.647685462377997, "bottom": 0.647685462377997, "glider": 0.6303497848912214, "sanction": 0.613412745316952, "nail": 0.613412745316952, "strip": 0.5873134936475204, "top": 0.5631700077156192, "step": 0.5241987127699165, "inch": 0.5234669005302688, "eye": 0.492356846299073, "plane": 0.48137579740196057, "end": 0.4746741485286577, "foot": 0.4725316997849231, "screw": 0.46543493179942635, "page": 0.42154368488252664, "amateur": 0.4031428137520376, "begin": 0.38702035224041575, "preferable": 0.38702035224041575, "completes": 0.38702035224041575, "diagonal": 0.38702035224041575, "buckle": 0.38702035224041575, "section": 0.37130094728119395, "framework": 0.37130094728119395, "center": 0.3573217489103405, "require": 0.3553207141868514, "piano": 0.3553207141868514, "join": 0.3553207141868514, "truss": 0.3553207141868514, "tack": 0.3553207141868514, "duplicate": 0.33073256467039863, "rest": 0.33073256467039863, "tension": 0.33073256467039863, "rear": 0.3210582096798612, "cable": 0.31064258370469405, "become": 0.31064258370469405, "spot": 0.31064258370469405, "rigidity": 0.31064258370469405, "guy": 0.31064258370469405, "ii": 0.2936567468237602, "construct": 0.2936567468237602, "preserve": 0.2789429456511298, "turn": 0.2789429456511298, "manipulation": 0.2659644532225367, "strut": 0.2659644532225367, "light": 0.2659644532225367, "wind": 0.25767794639782027, "boat": 0.24385258382485842, "advance": 0.24385258382485842, "rule": 0.2342648151689724, "dimension": 0.2342648151689724, "illustration": 0.2342648151689724, "head": 0.22544492298572336, "method": 0.22544492298572336, "equilibrium": 0.2172789782880385, "manner": 0.2172789782880385, "aeroplane": 0.21127375331761225, "apparatus": 0.20967666565251963, "purpose": 0.20256517711540814, "length": 0.19588496047091317, "body": 0.19588496047091317, "place": 0.18958668468681505, "point": 0.18958668468681505, "machine": 0.18435183881796563, "connection": 0.18362902687997698, "motor": 0.16747481528913674, "operator": 0.16257668322157598, "form": 0.1578870466332508, "way": 0.15338887808250257, "chapter": 0.12618740857968652}}