{"tf_idf": {"chapter": 0.7967946803661586, "vii": 2.216147201397563, "rudder": 5.014199171064342, "glider": 4.086884816289414, "rule": 1.5149588816157544, "rear": 2.0604130018698577, "apparatus": 1.3477980818750914, "head": 1.4546471909787542, "wind": 1.6396530070766235, "boat": 1.5810228640257835, "machine": 1.1614072245134544, "wire": 5.24089665599694, "cable": 2.0614758779439852, "operator": 1.0345058676975534, "become": 2.0614758779439852, "manipulation": 1.7356941874793617, "cross": 6.244114489133467, "piece": 6.324709647595603, "beam": 6.073318679624345, "foot": 2.6554728845691553, "inch": 3.3775861808825516, "center": 2.305561249480691, "strut": 1.7356941874793617, "plane": 2.7561383997367708, "brace": 5.393200430631529, "method": 1.4546471909787542, "preferable": 2.6966002153157644, "frame": 4.962159625189044, "place": 1.2132193878765856, "duplicate": 2.216147201397563, "dimension": 1.5149588816157544, "end": 3.0337124935650657, "advance": 1.5810228640257835, "step": 2.216147201397563, "construct": 1.9351002048969557, "section": 2.401153017495432, "horizontal": 3.656502191586585, "aeroplane": 0.8430216185675807, "steady\u2014preserves": 2.6966002153157644, "equilibrium": 1.3991658138304586, "form": 1.0036942538006597, "bottom": 3.656502191586585, "length": 1.2552411735611604, "completes": 2.6966002153157644, "page": 2.751010199874464, "require": 2.415553218815157, "strip": 4.493163532172533, "spot": 2.0614758779439852, "bolt": 3.0670612598995004, "screw": 3.0670612598995004, "corner": 5.608740883462514, "illustration": 1.5149588816157544, "framework": 2.401153017495432, "manner": 1.3991658138304586, "rigidity": 2.0614758779439852, "guy": 2.0614758779439852, "purpose": 1.2999758675251762, "piano": 2.415553218815157, "stanchion": 3.2673619626824393, "join": 2.415553218815157, "point": 1.2132193878765856, "top": 2.415553218815157, "diagonal": 2.6966002153157644, "rest": 2.216147201397563, "truss": 2.415553218815157, "connection": 1.1736001944781467, "body": 1.2552411735611604, "way": 0.9741941770605529, "turn-buckles": 2.415553218815157, "tension": 2.216147201397563, "nail": 4.274010220712082, "light": 1.7356941874793617}, "key_nouns": {"piece": 1.0, "cross": 0.9872570974870324, "beam": 0.9602525677891274, "corner": 0.8867981608601951, "brace": 0.852719054491585, "wire": 0.8286383008885341, "rudder": 0.7927951558962926, "frame": 0.784567182001067, "strip": 0.7104141980463325, "nail": 0.6757638625097813, "glider": 0.6461774601531441, "horizontal": 0.5781296526357756, "bottom": 0.5781296526357756, "inch": 0.5340302352324698, "stanchion": 0.5166026813459424, "bolt": 0.4849331322372201, "screw": 0.4849331322372201, "end": 0.479660357960995, "plane": 0.4357731110683543, "page": 0.43496229126032465, "preferable": 0.4263595272457925, "steady\u2014preserves": 0.4263595272457925, "completes": 0.4263595272457925, "diagonal": 0.4263595272457925, "foot": 0.4198568839565082, "require": 0.381923179625084, "piano": 0.381923179625084, "join": 0.381923179625084, "top": 0.381923179625084, "truss": 0.381923179625084, "turn-buckles": 0.381923179625084, "section": 0.3796463634355535, "framework": 0.3796463634355535, "center": 0.3645323466124918, "vii": 0.3503950892417728, "duplicate": 0.3503950892417728, "step": 0.3503950892417728, "rest": 0.3503950892417728, "tension": 0.3503950892417728, "cable": 0.32594000243594967, "become": 0.32594000243594967, "spot": 0.32594000243594967, "rigidity": 0.32594000243594967, "guy": 0.32594000243594967, "rear": 0.3257719510733813, "construct": 0.3059587416210643, "manipulation": 0.2744306512377532, "strut": 0.2744306512377532, "light": 0.2744306512377532, "wind": 0.2592455778108253, "boat": 0.24997556443192992, "advance": 0.24997556443192992, "rule": 0.23953018652669375, "dimension": 0.23953018652669375, "illustration": 0.23953018652669375, "head": 0.22999430361704457, "method": 0.22999430361704457, "equilibrium": 0.22122214169347115, "manner": 0.22122214169347115, "apparatus": 0.21310038831386818, "purpose": 0.20553921681122136, "length": 0.19846621323373348, "body": 0.19846621323373348, "place": 0.19182214765191666, "point": 0.19182214765191666, "connection": 0.18555795599633598, "machine": 0.18363012521135638, "operator": 0.16356574852267414, "form": 0.15869412348157727, "way": 0.1540298656130249, "aeroplane": 0.13329016912073793, "chapter": 0.12598122676968537}}