{"tf_idf": {"chapter": 0.8630531212374323, "iv": 2.2313818186214722, "form": 3.0561391796387687, "machine": 1.9979360304876737, "aeroplane": 2.834082300961338, "helicopter": 6.694145455864416, "ornithopers": 4.09785581494188, "precedence": 2.585459159492644, "aviator": 1.683957893316716, "feature": 1.3831253285540728, "time": 1.0886187405897443, "respect": 1.6848648222932416, "advantage": 2.0700079300088263, "get": 1.8239591490738352, "name": 1.6245531316562414, "propeller": 1.3435061351556337, "helix": 2.585459159492644, "illustration": 1.4698818082026635, "action": 1.1158044673314915, "air": 1.5321842337780316, "headway": 1.6245531316562414, "float": 2.585459159492644, "case": 1.3060295931714312, "space": 1.9056001281568486, "instance": 1.683957893316716, "possesses": 2.585459159492644, "drawback": 1.9981570364707797, "deficient": 2.585459159492644, "capacity": 2.939763616405327, "power": 1.0886187405897443, "ornithopter": 4.09785581494188, "plane": 3.5041536258414916, "work": 1.1441001177380399, "bird": 2.192201779555834, "thought": 2.3860531420750504, "principle": 1.3435061351556337, "experimenter": 3.1670039733583017, "operation": 1.1736001944781467, "line": 1.3831253285540728, "reality": 2.1050061455744427, "sustain": 1.8239591490738352, "body": 1.3060295931714312, "rate": 1.5690717545079458, "aviation": 1.813355783685453, "toy": 2.2313818186214722, "construct": 1.9981570364707797, "scale": 1.9056001281568486, "man": 1.2704757907850692, "flight": 0.9446941003204461, "kind": 1.4698818082026635, "success": 2.486919891835846, "monoplane": 3.0325068051390582, "bleriot": 1.3831253285540728, "biplane": 3.284132277253461, "wright": 1.7685082388575586, "curtis": 1.908947551700194, "farman": 1.4251471142386472, "others": 1.1736001944781467, "triplane": 1.9981570364707797, "advocate": 2.1050061455744427, "lavimer": 2.585459159492644, "balance": 1.9056001281568486, "favor": 1.8239591490738352, "latter": 1.5690717545079458, "construction": 1.6440039525206838, "requisite": 2.585459159492644, "convenient": 2.3860531420750504, "opinion": 2.1050061455744427, "fact": 1.0886187405897443, "surface": 2.5276944383962245, "resistance": 1.2704757907850692, "speed": 1.1158044673314915, "hand": 1.236657026051971, "size": 1.3831253285540728, "difference": 1.5690717545079458, "idea": 1.3435061351556337, "rigging": 2.585459159492644, "place": 1.2704757907850692, "rudder": 3.2118950968585707, "front": 2.473314052103942, "rear": 2.6870122703112673, "partition": 4.09785581494188, "bicycle": 3.9963140729415594, "wheel": 3.3697296445864833, "skid": 1.9056001281568486, "voisin": 1.5690717545079458, "increase": 1.5690717545079458, "stability": 1.4251471142386472, "attache": 2.1050061455744427, "horizontal": 1.7509288047032707, "gear": 1.9056001281568486}}