{"tf_idf": {"chapter": 0.7937796813516852, "ii": 1.9540917266056819, "theory": 2.5359628020035943, "development": 2.431253867235396, "use": 1.0226857755093859, "craft": 1.533950403324481, "air": 2.4882613875975186, "airship": 3.067900806648962, "machine": 3.352412929498151, "balloon": 2.431253867235396, "instance": 0.9931856987692791, "aviator": 1.9863713975385582, "term": 2.3356620992206545, "gas-bag": 2.7155917370244906, "lifting": 2.0804673996527114, "device": 1.533950403324481, "application": 1.6730447301050742, "engine": 1.3189673892339024, "propulsion": 3.2974628124224035, "bird": 3.409481240843723, "machines\u2014and": 2.7155917370244906, "number": 1.08574260708321, "them\u2014are": 2.7155917370244906, "action": 1.6697538568165866, "designer": 1.9540917266056819, "flight": 1.7240262805526139, "soaring": 2.7155917370244906, "technique": 2.7155917370244906, "nature": 1.6730447301050742, "result": 1.8902131488268816, "nothing": 1.754685709188088, "aeroplane": 1.3662585024668323, "chanute": 5.0191341903152225, "developer": 2.7155917370244906, "form": 1.6209186042033112, "consideration": 1.6730447301050742, "experimenter": 2.0804673996527114, "lilienthal": 2.4345447405238834, "navigation": 1.6000143857345102, "none": 2.2351387231062896, "demonstrate": 2.4345447405238834, "practicability": 2.2351387231062896, "gliding": 2.4345447405238834, "apparatus": 1.3667896035838176, "name": 1.6000143857345102, "implies": 2.2351387231062896, "motor": 2.806603924745322, "problem": 2.1663102680558857, "construction": 1.7208613176621124, "biplane": 1.9530080846722264, "basis": 2.781111049614428, "difference": 1.533950403324481, "rudder": 2.17148521416642, "character": 2.4345447405238834, "experiment": 2.8363146710783695, "privilege": 2.4345447405238834, "author": 1.9540917266056819, "book": 1.8472426175020191, "mr.": 1.4181573355391848, "miller": 2.4345447405238834, "indiana": 2.7155917370244906, "collaboration": 2.7155917370244906, "messrs": 4.304111070452046, "avery": 4.869089481047767, "series": 2.4345447405238834, "brother": 2.5359628020035943, "others": 1.1195613718163087, "country": 1.6000143857345102, "eagle": 2.7155917370244906, "hawk": 2.4345447405238834, "trio": 2.7155917370244906, "hour": 1.1925917161868729, "evolution": 2.0804673996527114, "end": 1.1925917161868729, "verdict": 2.7155917370244906, "master": 1.9540917266056819, "principle": 1.3189673892339024, "assistance": 1.9540917266056819, "time": 2.0453715510187718, "writer": 1.9540917266056819, "visit": 2.2351387231062896, "mr": 1.8472426175020191, "herring": 2.2351387231062896, "addition": 2.431253867235396, "idea": 2.090513851609821, "wright": 2.106994778812559, "curtis": 1.1551151742026706, "aid": 2.4345447405238834, "gasolene": 2.0804673996527114, "william": 2.4345447405238834, "orville": 2.2351387231062896, "bicycle": 2.0804673996527114, "business": 1.8472426175020191, "dayton": 2.7155917370244906, "placing": 2.7155917370244906, "front": 1.1925917161868729, "location": 1.8472426175020191, "operator": 1.0534973894062796, "wind": 1.0534973894062796, "resistance": 1.2322109095853118, "man": 1.2322109095853118, "body": 1.2742326952698866, "year": 1.2322109095853118, "glider": 1.6000143857345102, "control": 1.1195613718163087, "movement": 1.2742326952698866, "limit": 2.431253867235396, "opinion": 2.0804673996527114, "competent": 2.4345447405238834, "expert": 1.754685709188088, "future": 1.9540917266056819, "capacity": 1.4736387126874804, "prohibit": 2.7155917370244906, "employment": 2.4345447405238834, "passenger": 1.4736387126874804, "way": 0.9931856987692791, "course": 1.1925917161868729, "people": 1.6000143857345102, "dozen": 2.2351387231062896, "contention": 2.2351387231062896, "understand": 1.8472426175020191, "weight": 1.1925917161868729, "sustentation": 1.8472426175020191, "load": 1.8472426175020191, "power": 1.0226857755093859, "plane": 0.9377043216209834, "surface": 1.0226857755093859, "these\u2014as": 2.7155917370244906, "on\u2014beyond": 2.7155917370244906, "field": 1.8472426175020191, "advantage": 1.2742326952698866, "sports\u2014flying": 2.7155917370244906, "race": 2.0804673996527114, "reason": 1.6000143857345102, "element": 2.2351387231062896, "danger": 1.754685709188088, "strange": 2.4345447405238834, "proposition": 1.6000143857345102, "add": 2.7155917370244906, "event": 1.8472426175020191, "exploration": 2.4345447405238834, "region": 2.2351387231062896, "desert": 2.7155917370244906, "mountain": 2.2351387231062896, "top": 2.4345447405238834, "war": 2.2351387231062896, "enemy": 2.4345447405238834, "encampment": 2.7155917370244906, "ascertain": 2.7155917370244906, "defense": 2.4345447405238834}, "key_nouns": {"chanute": 1.0, "avery": 0.9701054597111634, "messrs": 0.8575405452910853, "bird": 0.6792966897403462, "machine": 0.6679265391961169, "propulsion": 0.6569784124889694, "airship": 0.6112410408489767, "experiment": 0.5651003865469947, "motor": 0.5591808902341892, "basis": 0.5541017522465886, "gas-bag": 0.5410478449180376, "machines\u2014and": 0.5410478449180376, "them\u2014are": 0.5410478449180376, "soaring": 0.5410478449180376, "technique": 0.5410478449180376, "developer": 0.5410478449180376, "indiana": 0.5410478449180376, "collaboration": 0.5410478449180376, "eagle": 0.5410478449180376, "trio": 0.5410478449180376, "verdict": 0.5410478449180376, "dayton": 0.5410478449180376, "placing": 0.5410478449180376, "prohibit": 0.5410478449180376, "these\u2014as": 0.5410478449180376, "on\u2014beyond": 0.5410478449180376, "sports\u2014flying": 0.5410478449180376, "add": 0.5410478449180376, "desert": 0.5410478449180376, "encampment": 0.5410478449180376, "ascertain": 0.5410478449180376, "theory": 0.505259015966721, "brother": 0.505259015966721, "air": 0.4957551030213132, "lilienthal": 0.4850527298555817, "demonstrate": 0.4850527298555817, "gliding": 0.4850527298555817, "character": 0.4850527298555817, "privilege": 0.4850527298555817, "miller": 0.4850527298555817, "series": 0.4850527298555817, "hawk": 0.4850527298555817, "aid": 0.4850527298555817, "william": 0.4850527298555817, "competent": 0.4850527298555817, "employment": 0.4850527298555817, "strange": 0.4850527298555817, "exploration": 0.4850527298555817, "top": 0.4850527298555817, "enemy": 0.4850527298555817, "defense": 0.4850527298555817, "development": 0.4843970643236982, "balloon": 0.4843970643236982, "addition": 0.4843970643236982, "limit": 0.4843970643236982, "term": 0.46535159464902953, "none": 0.4453235634582453, "practicability": 0.4453235634582453, "implies": 0.4453235634582453, "visit": 0.4453235634582453, "herring": 0.4453235634582453, "orville": 0.4453235634582453, "dozen": 0.4453235634582453, "contention": 0.4453235634582453, "element": 0.4453235634582453, "region": 0.4453235634582453, "mountain": 0.4453235634582453, "war": 0.4453235634582453, "rudder": 0.43264139427801224, "problem": 0.4316103506927422, "wright": 0.4197924779293919, "idea": 0.41650885836916185, "lifting": 0.41450722789343264, "experimenter": 0.41450722789343264, "evolution": 0.41450722789343264, "gasolene": 0.41450722789343264, "bicycle": 0.41450722789343264, "opinion": 0.41450722789343264, "race": 0.41450722789343264, "time": 0.4075148169908392, "aviator": 0.39575977095240916, "ii": 0.38932844839578934, "designer": 0.38932844839578934, "author": 0.38932844839578934, "master": 0.38932844839578934, "assistance": 0.38932844839578934, "writer": 0.38932844839578934, "future": 0.38932844839578934, "biplane": 0.3891125462317176, "result": 0.3766014370514705, "book": 0.36804009366125445, "mr": 0.36804009366125445, "business": 0.36804009366125445, "location": 0.36804009366125445, "understand": 0.36804009366125445, "sustentation": 0.36804009366125445, "load": 0.36804009366125445, "field": 0.36804009366125445, "event": 0.36804009366125445, "nothing": 0.3495992819984529, "expert": 0.3495992819984529, "danger": 0.3495992819984529, "flight": 0.34349077254783217, "construction": 0.34286019309518306, "application": 0.3333333333333333, "nature": 0.3333333333333333,