{"tf_idf": {"chapter": 0.7937796813516852, "xxvi": 2.2351387231062896, "monoplane": 5.096930781079546, "triplanes": 2.2351387231062896, "multiplanes": 2.2351387231062896, "aviator": 1.9863713975385582, "attention": 3.2974628124224035, "form": 2.8710419455945724, "machine": 3.6520255700879187, "biplane": 3.906016169344453, "meet": 2.431253867235396, "belmont": 3.2974628124224035, "park": 3.2974628124224035, "y.": 2.0804673996527114, "make": 2.6517131592456904, "drexel": 5.431183474048981, "harkness": 4.304111070452046, "antoinette": 3.3460894602101483, "curtis": 2.9859294093278894, "decker": 2.7155917370244906, "construction": 3.2572278212496295, "hand": 1.8902131488268816, "part": 3.0828048650137543, "preference": 2.4345447405238834, "prejudice": 2.7155917370244906, "air": 1.4048102576370765, "sailor": 2.4345447405238834, "man": 1.2322109095853118, "success": 1.6000143857345102, "surface": 4.56059728323716, "fixture": 2.7155917370244906, "country": 1.6000143857345102, "dimension": 3.5617225376429134, "equipment": 2.5359628020035943, "bleriot\u2014": 4.304111070452046, "operator": 3.1604921682188385, "\u2014plane": 5.431183474048981, "foot": 5.953299233036095, "breadth": 5.652837831282668, "area": 5.499154673884358, "h.": 6.49135220659837, "p.": 9.136046475736691, "gnome": 2.4345447405238834, "engine": 4.562877490267249, "propeller": 4.880759314053995, "inch": 6.756578237283096, "diameter": 4.601851209973443, "r.": 5.485829026838503, "m.": 5.1858656544788655, "antoinette\u2014": 2.7155917370244906, "motor": 3.4417226353242247, "curtiss\u2014": 2.7155917370244906, "paragon": 2.7155917370244906, "exception": 1.8472426175020191, "competition": 2.4345447405238834, "la": 2.7155917370244906, "demoiselle": 2.4345447405238834, "santos-dumont": 2.7155917370244906, "proportion": 1.4181573355391848, "plane": 5.72798978184836, "length": 2.9586766945711966, "share": 3.542611060033237, "cash": 2.7155917370244906, "prize": 2.0804673996527114, "nothing": 1.754685709188088, "grahame-white": 4.304111070452046, "winning": 2.7155917370244906, "flight": 2.8635456688459455, "bleriot": 5.4671584143352705, "farman": 1.4181573355391848, "moissant": 2.7155917370244906, "latham": 2.2351387231062896, "aubrun": 2.7155917370244906, "radley": 2.7155917370244906, "simon": 2.7155917370244906, "andemars": 2.7155917370244906, "clement-bayard": 2.4345447405238834, "barrier": 2.4345447405238834, "show": 1.6000143857345102, "amount": 2.548465390539773, "type": 3.2928593603590373, "credit": 1.8472426175020191, "side": 3.956902167701707, "account": 1.754685709188088, "number": 2.17148521416642, "feature": 3.173587180361227, "advantage": 1.2742326952698866, "interest": 1.533950403324481, "center": 4.137026893397829, "chiefly": 2.2351387231062896, "others": 1.1195613718163087, "opportunity": 1.9540917266056819, "guidance": 2.2351387231062896, "model": 5.1858656544788655, "detail": 2.927810278474695, "production": 2.781111049614428, "maker": 2.927810278474695, "baby": 2.4345447405238834, "spread": 5.264057127564264, "depth": 5.85562055694939, "height": 1.8472426175020191, "position": 2.8363146710783695, "extreme": 2.0804673996527114, "apparatus": 1.3667896035838176, "pound": 5.153061288912254, "weight": 2.7691122115442357, "bamboo": 6.293206860582155, "body": 2.548465390539773, "frame": 4.696830357883016, "tail": 5.0191341903152225, "rear": 3.0625474373024333, "pole": 2.7155917370244906, "brass": 2.2351387231062896, "socket": 3.858662120058273, "convenience": 2.0804673996527114, "housing": 2.7155917370244906, "transportation": 2.4345447405238834, "transverse": 2.2351387231062896, "spar": 4.869089481047767, "ash": 2.4345447405238834, "angle": 2.247726196952238, "end": 3.5777751485606184, "width": 2.927810278474695, "silk": 4.869089481047767, "rib": 6.194324219278927, "aft": 4.537260479992687, "terminate": 2.7155917370244906, "clip": 2.7155917370244906, "wire": 2.431253867235396, "strung": 2.7155917370244906, "edge": 3.956902167701707, "consist": 2.4345447405238834, "front": 2.3851834323737457, "illustration": 2.431253867235396, "power": 2.0453715510187718, "light": 1.754685709188088, "darracq": 2.4345447405238834, "bleriot\u2014no": 2.7155917370244906, "xi": 1.9540917266056819, "record": 1.4736387126874804, "lot": 1.9540917266056819, "rudder": 4.437932561614889, "section": 4.601851209973443, "piece": 2.927810278474695, "purpose": 1.3189673892339024, "square": 1.754685709188088, "shaft": 5.189831397151159, "deep": 2.0804673996527114, "beam": 3.6944852350040382, "crankshaft": 2.2351387231062896, "speed": 2.446145186352932, "fuel": 1.6730447301050742, "supply": 1.754685709188088, "peculiarity": 1.9540917266056819, "place": 2.861105129792847, "curvature": 2.781111049614428, "view": 1.6730447301050742, "framework": 1.533950403324481, "page": 1.754685709188088, "co.": 2.2351387231062896, "year": 1.2322109095853118, "experiment": 1.4181573355391848, "manufacture": 2.2351387231062896, "combination": 4.470277446212579, "triplane": 3.2974628124224035, "midway": 2.7155917370244906, "change": 1.6000143857345102, "vice": 2.4345447405238834, "versa": 2.4345447405238834, "minute": 1.6000143857345102, "constructor": 2.7155917370244906, "claim": 3.0971621096394637, "craft": 1.533950403324481, "order": 2.3356620992206545, "capacity": 1.4736387126874804, "grade": 2.4345447405238834, "oregon": 2.7155917370244906, "spruce": 3.2974628124224035, "set": 2.2351387231062896, "aluminum": 3.9081834532113637, "bolt": 1.9540917266056819, "casting": 5.431183474048981, "seven-strand": 2.7155917370244906, "cable": 2.0804673996527114, "turnbuckle": 2.4345447405238834, "trussing": 2.7155917370244906, "joining": 2.7155917370244906, "space": 3.0971621096394637, "respect": 1.754685709188088, "degree": 1.6000143857345102, "distance": 2.090513851609821, "bottom": 1.8472426175020191, "size": 2.1663102680558857, "gravity": 2.5359628020035943, "cross": 3.858662120058273, "aeroplane": 2.5860394208289206, "cloth": 1.9540917266056819, "pocket": 2.4345447405238834, "sewn": 2.7155917370244906, "work": 2.806603924745322, "unison": 2.7155917370244906, "direction": 1.9530080846722264, "b": 3.6944852350040382, "act": 1.754685709188088, "hinge": 2.7155917370244906, "joint": 2.2351387231062896, "tip": 2.9472774253749607, "holmes": 2.7155917370244906, "bore": 2.2351387231062896, "stroke": 2.0804673996527114, "control": 3.3586841154489258, "auto-control": 2.7155917370244906, "system": 2.431253867235396, "movement": 2.548465390539773, "turn": 3.6944852350040382, "lever": 5.051253836245145, "cody": 5.431183474048981, "willard": 2.7155917370244906, "f.": 1.9540917266056819, "london": 2.4345447405238834, "eng.": 2.7155917370244906, "wheel": 2.781111049614428, "furnishes": 2.2351387231062896, "footwork": 2.7155917370244906, "aileron": 5.189831397151159, "move": 1.6000143857345102, "whole": 2.7155917370244906, "component": 2.7155917370244906, "elevator": 4.304111070452046, "arrangement": 2.781111049614428, "jut": 2.7155917370244906, "weigh": 2.7155917370244906, "pilot": 2.2351387231062896, "flyer": 2.7155917370244906, "pitch": 1.8472426175020191, "revolution": 1.9540917266056819, "chain": 3.858662120058273, "reduction": 2.0804673996527114, "one": 2.7155917370244906, "point": 2.4644218191706235, "hump": 2.7155917370244906, "approximates": 2.7155917370244906, "pressure": 1.6730447301050742, "continuation": 2.7155917370244906, "inventor": 1.9540917266056819, "lift": 1.8472426175020191, "head": 1.4736387126874804, "resistance": 1.2322109095853118, "trial": 1.9540917266056819, "substantiate": 2.7155917370244906, "incidence": 1.9540917266056819, "twenty-six": 2.7155917370244906, "strip": 1.9540917266056819, "silver": 2.7155917370244906, "thick": 2.2351387231062896, "fillet": 2.7155917370244906, "rigidity": 2.0804673996527114, "smoothness": 2.7155917370244906, "fabric": 2.4345447405238834, "j": 2.7155917370244906, "b.": 2.2351387231062896, "pressey": 2.7155917370244906, "news": 2.7155917370244906, "va": 2.7155917370244906, "thereof": 2.4345447405238834,