{"tf_idf": {"form": 0.6931471805599453, "motion": 2.012878789474967, "end": 1.0986122886681096, "coil": 2.2099694814659503, "spring": 6.475093543884691, "oscillatory": 1.8747885142599554, "system": 1.0030205206533687, "look": 1.394335500341754, "detail": 0.9138824864235524, "mass": 5.528197626907111, "fig": 2.0060410413067373, "slide": 1.8747885142599554, "friction": 1.5937415177593477, "surface": 1.0986122886681096, "length": 1.3190715806784046, "force": 3.4794749828669533, "m.": 1.8747885142599554, "position": 2.522044892222066, "point": 2.1219694206523645, "stretch": 3.749577028519911, "exerts": 2.9714694918847595, "act": 2.2265770076822924, "direction": 1.9459101490553132, "equilibrium": 4.846258006144715, "hence": 1.239664176888176, "situation": 0.9138824864235524, "f": 3.1874830355186954, "displacement": 1.9648212338551168, "x": 3.480177328685509, "-kx": 1.8747885142599554, "]": 2.2099694814659503, "note": 2.9714694918847595, "eq": 3.749577028519911, "example": 0.6328354899229449, "equation": 1.9648212338551168, "law": 4.353124123232327, "touching": 1.8747885142599554, "region": 1.0064393947374835, "hooke": 1.8747885142599554, "work": 1.239664176888176, "applicability": 1.8747885142599554, "range": 0.9138824864235524, "value": 1.4484694710471415, "proportionality": 1.8747885142599554, "k": 2.788671000683508, "constant": 2.526020541490986, "stiffness": 1.8747885142599554, "distance": 1.8277649728471048, "exert": 1.8747885142599554, "magnitude": 1.394335500341754, "f_ext": 1.8747885142599554, "=": 2.526020541490986, "+": 1.5937415177593477, "kx": 1.8747885142599554, "stiffer": 1.8747885142599554, "k.": 1.8747885142599554, "varies": 1.394335500341754, "fore": 1.8747885142599554, "acceleration": 2.526020541490986, "use": 0.7592111629699746, "happens": 1.8747885142599554, "push": 1.5937415177593477, "inertia": 1.5937415177593477, "pass": 1.5951686999074084, "speed": 1.8277649728471048, "reach": 1.9648212338551168, "decrease": 1.0064393947374835, "maximum": 1.5937415177593477, "move": 0.9138824864235524, "stop": 1.5937415177593477, "instant": 1.8747885142599554, "begin": 1.239664176888176, "repeat": 1.5937415177593477}, "key_nouns": {"spring": 1.0, "mass": 0.85376336101401, "equilibrium": 0.7484460221770376, "law": 0.6722874493980975, "stretch": 0.579076889485426, "eq": 0.579076889485426, "x": 0.5374713593091349, "force": 0.5373628904794886, "f": 0.49226826051479483, "exerts": 0.45890757743432464, "note": 0.45890757743432464, "k": 0.43067655807339306, "constant": 0.3901133666055913, "=": 0.3901133666055913, "acceleration": 0.3901133666055913, "position": 0.3894993755887859, "act": 0.3438679291027619, "coil": 0.34130309724299257, "]": 0.34130309724299257, "point": 0.3277125506019026, "motion": 0.3108648200729086, "fig": 0.30980881244585473, "displacement": 0.30344291098477855, "equation": 0.30344291098477855, "reach": 0.30344291098477855, "direction": 0.30052232232121184, "oscillatory": 0.289538444742713, "slide": 0.289538444742713, "m.": 0.289538444742713, "-kx": 0.289538444742713, "touching": 0.289538444742713, "hooke": 0.289538444742713, "applicability": 0.289538444742713, "proportionality": 0.289538444742713, "stiffness": 0.289538444742713, "exert": 0.289538444742713, "f_ext": 0.289538444742713, "kx": 0.289538444742713, "stiffer": 0.289538444742713, "k.": 0.289538444742713, "fore": 0.289538444742713, "happens": 0.289538444742713, "instant": 0.289538444742713, "distance": 0.28227622666136015, "speed": 0.28227622666136015, "pass": 0.24635454130449475, "friction": 0.24613413025739742, "+": 0.24613413025739742, "push": 0.24613413025739742, "inertia": 0.24613413025739742, "maximum": 0.24613413025739742, "stop": 0.24613413025739742, "repeat": 0.24613413025739742, "value": 0.2236986170516606, "look": 0.21533827903669653, "magnitude": 0.21533827903669653, "varies": 0.21533827903669653, "length": 0.20371467558552614, "hence": 0.19145116105063206, "work": 0.19145116105063206, "begin": 0.19145116105063206, "end": 0.169667400358359, "surface": 0.169667400358359, "region": 0.1554324100364543, "decrease": 0.1554324100364543, "system": 0.15490440622292737, "detail": 0.14113811333068008, "situation": 0.14113811333068008, "range": 0.14113811333068008, "move": 0.14113811333068008, "use": 0.11725099534461562, "form": 0.10704821109720927, "example": 0.09773379884536453}}