{"tf_idf": {"vibration": 3.480177328685509, "isolation": 2.9714694918847595, "system": 2.2686915004992585, "ai": 1.8747885142599554, "oscillation": 2.9714694918847595, "precision": 3.2375467719423456, "engineering": 1.8747885142599554, "application": 1.3862943611198906, "aerospace": 1.5937415177593477, "structure": 1.3190715806784046, "manufacturing": 1.394335500341754, "equipment": 1.239664176888176, "foundation": 2.9714694918847595, "zone": 1.394335500341754, "component": 0.6931471805599453, "stability": 1.7645205310721777, "core": 1.394335500341754, "base": 1.239664176888176, "platform": 2.526020541490986, "strength": 1.0064393947374835, "steel": 1.8747885142599554, "material": 1.0986122886681096, "enhance": 1.394335500341754, "durability": 1.9648212338551168, "term": 0.8322415073405387, "performance": 2.012878789474967, "condition": 1.4484694710471415, "damping": 2.9714694918847595, "unit": 1.3190715806784046, "mass": 1.239664176888176, "camper": 1.8747885142599554, "absorb": 1.8747885142599554, "frequency": 1.394335500341754, "attenuation": 1.8747885142599554, "disturbance": 2.9714694918847595, "resonance": 1.8747885142599554, "effect": 1.0064393947374835, "control": 1.8277649728471048, "module": 1.7645205310721777, "adaptability": 2.9714694918847595, "actuator": 1.7645205310721777, "respond": 1.5937415177593477, "time": 1.8277649728471048, "data": 1.4484694710471415, "force": 0.9138824864235524, "microcontroller": 1.8747885142599554, "process": 0.7592111629699746, "sensor": 1.4484694710471415, "input": 1.0064393947374835, "optimize": 1.8747885142599554, "monitor": 1.1132885038411462, "behavior": 1.239664176888176, "integrates": 1.8747885142599554, "network": 1.239664176888176, "accelerometer": 1.8747885142599554, "gyroscope": 1.8747885142599554, "level": 0.8322415073405387, "displacement": 1.239664176888176, "feedback": 1.1132885038411462, "adjustment": 1.5937415177593477, "monitoring": 1.7645205310721777, "interface": 0.9138824864235524, "diagnostics": 1.8747885142599554, "maintenance": 1.394335500341754, "energy": 1.1132885038411462, "source": 0.8322415073405387, "power": 1.0986122886681096, "lithium": 1.8747885142599554, "ion": 1.8747885142599554, "battery": 1.239664176888176, "approach": 0.9138824864235524, "operation": 0.7592111629699746, "event": 1.0064393947374835, "failure": 1.0064393947374835, "mission": 1.239664176888176, "oscillator": 1.8747885142599554}, "key_nouns": {"vibration": 1.0, "precision": 0.9302821282285616, "isolation": 0.853827035591634, "oscillation": 0.853827035591634, "foundation": 0.853827035591634, "damping": 0.853827035591634, "disturbance": 0.853827035591634, "adaptability": 0.853827035591634, "platform": 0.7258309858725172, "system": 0.6518896269450044, "performance": 0.5783839728176287, "durability": 0.5645750340535796, "ai": 0.5387048811584777, "engineering": 0.5387048811584777, "steel": 0.5387048811584777, "camper": 0.5387048811584777, "absorb": 0.5387048811584777, "attenuation": 0.5387048811584777, "resonance": 0.5387048811584777, "microcontroller": 0.5387048811584777, "optimize": 0.5387048811584777, "integrates": 0.5387048811584777, "accelerometer": 0.5387048811584777, "gyroscope": 0.5387048811584777, "diagnostics": 0.5387048811584777, "lithium": 0.5387048811584777, "ion": 0.5387048811584777, "oscillator": 0.5387048811584777, "control": 0.5251930577737159, "time": 0.5251930577737159, "stability": 0.5070202936293052, "module": 0.5070202936293052, "actuator": 0.5070202936293052, "monitoring": 0.5070202936293052, "aerospace": 0.45794836505107533, "respond": 0.45794836505107533, "adjustment": 0.45794836505107533, "condition": 0.4162056511052097, "data": 0.4162056511052097, "sensor": 0.4162056511052097, "manufacturing": 0.4006507050226678, "zone": 0.4006507050226678, "core": 0.4006507050226678, "enhance": 0.4006507050226678, "frequency": 0.4006507050226678, "maintenance": 0.4006507050226678, "application": 0.39834015057028865, "structure": 0.3790242439101885, "unit": 0.3790242439101885, "equipment": 0.35620718710802224, "base": 0.35620718710802224, "mass": 0.35620718710802224, "behavior": 0.35620718710802224, "network": 0.35620718710802224, "displacement": 0.35620718710802224, "battery": 0.35620718710802224, "mission": 0.35620718710802224, "monitor": 0.3198941889152655, "feedback": 0.3198941889152655, "energy": 0.3198941889152655, "material": 0.31567710059276327, "power": 0.31567710059276327, "strength": 0.2891919864088143, "effect": 0.2891919864088143, "input": 0.2891919864088143, "event": 0.2891919864088143, "failure": 0.2891919864088143, "force": 0.26259652888685797, "interface": 0.26259652888685797, "approach": 0.26259652888685797, "term": 0.23913767280786322, "level": 0.23913767280786322, "source": 0.23913767280786322, "process": 0.21815301097221237, "operation": 0.21815301097221237, "component": 0.19917007528514433}}