{"tf_idf": {"pendulum": 4.353124123232327, "mass": 1.9648212338551168, "kilogram": 1.5937415177593477, "bob": 3.749577028519911, "string": 1.5937415177593477, "meter": 1.8747885142599554, "end": 0.6931471805599453, "oscillates": 1.8747885142599554, "gravity": 1.9648212338551168, "cause": 1.0064393947374835, "move": 0.9138824864235524, "motion": 1.5951686999074084, "resembles": 1.8747885142599554, "angle": 0.7592111629699746, "period": 1.7645205310721777}, "key_nouns": {"pendulum": 1.0, "bob": 0.8613531161467861, "mass": 0.4513588811697327, "gravity": 0.4513588811697327, "meter": 0.43067655807339306, "oscillates": 0.43067655807339306, "resembles": 0.43067655807339306, "period": 0.40534578870725324, "motion": 0.36644227335354435, "kilogram": 0.3661144209634772, "string": 0.3661144209634772, "cause": 0.2311993332251164, "move": 0.20993715330702928, "angle": 0.1744060452855264, "end": 0.1592298222926073}}