{"tf_idf": {"pendulum": 3.749577028519911, "bob": 3.749577028519911, "string": 1.5937415177593477, "end": 0.6931471805599453, "kilogram": 1.5937415177593477, "meter": 1.8747885142599554, "gravity": 1.9648212338551168, "cause": 1.0064393947374835, "motion": 1.5951686999074084, "angle": 0.7592111629699746, "period": 2.2265770076822924, "mass": 1.239664176888176}, "key_nouns": {"pendulum": 1.0, "bob": 1.0, "period": 0.5938208471906498, "gravity": 0.5240114335324645, "meter": 0.5, "motion": 0.4254263048269947, "string": 0.4250456799892582, "kilogram": 0.4250456799892582, "mass": 0.330614404627264, "cause": 0.2684141136673115, "angle": 0.20247914823333069, "end": 0.18486009896256345}}