{"tf_idf": {"water": 3.343319301179878, "filtration": 4.846258006144715, "system": 2.1892511032352604, "drinking": 2.9714694918847595, "disaster": 1.5937415177593477, "area": 0.7592111629699746, "source": 0.8322415073405387, "river": 1.8747885142599554, "lake": 1.8747885142599554, "reservoir": 1.8747885142599554, "efficiency": 1.9648212338551168, "intake": 1.394335500341754, "pump": 2.2099694814659503, "de": 1.8747885142599554, "filter": 1.239664176888176, "prevent": 0.9138824864235524, "debris": 1.8747885142599554, "operation": 1.203321223436308, "longevity": 1.8747885142599554, "pass": 1.0064393947374835, "stage": 1.5937415177593477, "unit": 1.3190715806784046, "%": 1.0064393947374835, "contaminant": 2.9714694918847595, "carbon": 1.239664176888176, "adsorption": 1.8747885142599554, "osmosis": 1.8747885142599554, "membrane": 1.5937415177593477, "bacteria": 1.8747885142599554, "virus": 1.8747885142599554, "metal": 1.1132885038411462, "chemical": 1.394335500341754, "pollutant": 1.8747885142599554, "enhance": 1.394335500341754, "quality": 1.9648212338551168, "incorporates": 1.394335500341754, "power": 1.0986122886681096, "intensity": 1.7645205310721777, "sterilization": 1.8747885142599554, "chamber": 2.526020541490986, "wavelength": 1.5937415177593477, "rate": 1.1132885038411462, "disinfection": 1.8747885142599554, "panel": 1.1132885038411462, "setup": 1.8747885142599554, "energy": 1.7645205310721777, "functionality": 1.5937415177593477, "lithium": 1.8747885142599554, "ion": 1.8747885142599554, "battery": 1.239664176888176, "offer": 1.8747885142599554, "backup": 1.394335500341754, "hour": 1.5937415177593477, "condition": 0.9138824864235524, "control": 0.9138824864235524, "monitoring": 1.7645205310721777, "parameter": 1.0064393947374835, "morbidity": 1.8747885142599554, "ph": 1.8747885142599554, "d": 1.8747885142599554, "time": 0.9138824864235524, "diagnostics": 1.8747885142599554, "cloud": 1.8747885142599554, "dashboard": 1.394335500341754, "durability": 1.239664176888176, "ease": 1.8747885142599554, "deployment": 1.8747885142599554, "mission": 1.239664176888176, "application": 0.6931471805599453, "development": 1.1132885038411462, "project": 1.1132885038411462, "combination": 0.7592111629699746, "integration": 1.5937415177593477, "solution": 1.1132885038411462, "environment": 0.9138824864235524}, "key_nouns": {"filtration": 1.0, "water": 0.6898764566271098, "drinking": 0.6131471927654584, "contaminant": 0.6131471927654584, "chamber": 0.5212311309649981, "pump": 0.4560156472610134, "system": 0.45174051824303285, "efficiency": 0.40543058817006056, "quality": 0.40543058817006056, "river": 0.38685280723454163, "lake": 0.38685280723454163, "reservoir": 0.38685280723454163, "de": 0.38685280723454163, "debris": 0.38685280723454163, "longevity": 0.38685280723454163, "adsorption": 0.38685280723454163, "osmosis": 0.38685280723454163, "bacteria": 0.38685280723454163, "virus": 0.38685280723454163, "pollutant": 0.38685280723454163, "sterilization": 0.38685280723454163, "disinfection": 0.38685280723454163, "setup": 0.38685280723454163, "lithium": 0.38685280723454163, "ion": 0.38685280723454163, "offer": 0.38685280723454163, "morbidity": 0.38685280723454163, "ph": 0.38685280723454163, "d": 0.38685280723454163, "diagnostics": 0.38685280723454163, "cloud": 0.38685280723454163, "ease": 0.38685280723454163, "deployment": 0.38685280723454163, "intensity": 0.3640995854605532, "energy": 0.3640995854605532, "monitoring": 0.3640995854605532, "disaster": 0.32886022901351836, "stage": 0.32886022901351836, "membrane": 0.32886022901351836, "wavelength": 0.32886022901351836, "functionality": 0.32886022901351836, "hour": 0.32886022901351836, "integration": 0.32886022901351836, "intake": 0.28771383995111993, "chemical": 0.28771383995111993, "enhance": 0.28771383995111993, "incorporates": 0.28771383995111993, "backup": 0.28771383995111993, "dashboard": 0.28771383995111993, "unit": 0.2721835236600929, "filter": 0.2557982210844674, "carbon": 0.2557982210844674, "battery": 0.2557982210844674, "durability": 0.2557982210844674, "mission": 0.2557982210844674, "operation": 0.24829904266561567, "metal": 0.22972126173009663, "rate": 0.22972126173009663, "panel": 0.22972126173009663, "development": 0.22972126173009663, "project": 0.22972126173009663, "solution": 0.22972126173009663, "power": 0.22669290146648122, "pass": 0.2076735067471416, "%": 0.2076735067471416, "parameter": 0.2076735067471416, "prevent": 0.18857487266769818, "condition": 0.18857487266769818, "control": 0.18857487266769818, "time": 0.18857487266769818, "environment": 0.18857487266769818, "source": 0.1717286835090734, "area": 0.1566592538010457, "combination": 0.1566592538010457, "application": 0.1430272964586457}}