{"tf_idf": {"simple": 1.5937415177593477, "pendulum": 2.9714694918847595, "system": 0.6328354899229449, "motion": 1.5951686999074084, "point": 0.9138824864235524, "mass": 1.9648212338551168, "\u2018": 1.8747885142599554, "\u2019": 1.8747885142599554, "light": 1.239664176888176, "string": 1.5937415177593477, "length": 0.8322415073405387, "l": 1.394335500341754, "support": 0.8322415073405387, "fig": 0.6328354899229449, "plane": 0.9138824864235524, "force": 2.1219694206523645, "figure": 0.9138824864235524, "sin": 1.5937415177593477, "\u03b8": 2.526020541490986, "towards": 1.5937415177593477, "position": 0.7592111629699746, "displacement": 1.239664176888176, "tangent": 1.394335500341754, "arc": 1.8747885142599554}, "key_nouns": {"pendulum": 1.0, "\u03b8": 0.8500913599785164, "force": 0.7141144899678679, "mass": 0.661228809254528, "\u2018": 0.6309297535714575, "\u2019": 0.6309297535714575, "arc": 0.6309297535714575, "motion": 0.536828227334623, "simple": 0.5363479322644705, "string": 0.5363479322644705, "sin": 0.5363479322644705, "towards": 0.5363479322644705, "l": 0.46924106209057775, "tangent": 0.46924106209057775, "light": 0.41718892967730764, "displacement": 0.41718892967730764, "point": 0.3075523706096979, "plane": 0.3075523706096979, "figure": 0.3075523706096979, "length": 0.28007741947660386, "support": 0.28007741947660386, "position": 0.25550023819642786, "system": 0.21297054930271106, "fig": 0.21297054930271106}}