{"tf_idf": {"arm": 1.5951686999074084, "system": 1.7765938274879147, "hras": 1.8747885142599554, "precision": 2.2099694814659503, "application": 1.0986122886681096, "component": 0.6931471805599453, "operation": 1.203321223436308, "load": 1.9648212338551168, "capacity": 2.479328353776352, "control": 2.1219694206523645, "base": 1.239664176888176, "frame": 1.0064393947374835, "aluminum": 1.394335500341754, "alloy": 1.5937415177593477, "foundation": 1.8747885142599554, "kg": 1.5937415177593477, "platform": 1.5937415177593477, "speed": 0.9138824864235524, "degree": 1.5951686999074084, "second": 1.394335500341754, "motion": 1.5951686999074084, "actuator": 1.7645205310721777, "double-acting": 1.8747885142599554, "cylinder": 1.7645205310721777, "maximum": 1.5937415177593477, "operating": 1.1132885038411462, "pressure": 1.6644830146810774, "bar": 1.9648212338551168, "force": 1.4484694710471415, "mm": 2.2099694814659503, "kn": 1.5937415177593477, "kw": 1.8747885142599554, "pump": 1.394335500341754, "sensing": 1.8747885142599554, "sensor": 1.4484694710471415, "network": 1.239664176888176, "high-resolution": 1.8747885142599554, "encoders": 1.5937415177593477, "resolution": 1.5937415177593477, "positioning": 1.1132885038411462, "sensitivity": 1.5937415177593477, "\u00b10.5": 1.8747885142599554, "monitor": 1.1132885038411462, "prevent": 0.9138824864235524, "overload": 1.8747885142599554, "condition": 0.9138824864235524, "module": 1.1132885038411462, "microcontroller": 1.8747885142599554, "mhz": 1.5937415177593477, "frequency": 1.394335500341754, "khz": 1.8747885142599554, "response": 1.239664176888176, "time": 0.9138824864235524, "support": 0.8322415073405387, "bus": 1.394335500341754, "communication": 1.0064393947374835, "seamless": 1.8747885142599554, "integration": 1.5937415177593477, "automation": 1.8747885142599554, "power": 1.3862943611198906, "supply": 0.8322415073405387, "backup": 1.394335500341754, "lithium-ion": 1.8747885142599554, "battery": 1.239664176888176, "ah": 1.8747885142599554, "hour": 1.5937415177593477, "case": 0.6328354899229449, "loss": 1.239664176888176, "strength": 1.0064393947374835, "durability": 1.239664176888176, "manufacturing": 1.394335500341754, "line": 0.7592111629699746, "environment": 0.9138824864235524}, "key_nouns": {"capacity": 1.0, "precision": 0.8913581285431066, "mm": 0.8913581285431066, "control": 0.8558646205212466, "load": 0.7924812503605779, "bar": 0.7924812503605779, "hras": 0.7561678998283544, "foundation": 0.7561678998283544, "double-acting": 0.7561678998283544, "kw": 0.7561678998283544, "sensing": 0.7561678998283544, "high-resolution": 0.7561678998283544, "\u00b10.5": 0.7561678998283544, "overload": 0.7561678998283544, "microcontroller": 0.7561678998283544, "khz": 0.7561678998283544, "seamless": 0.7561678998283544, "automation": 0.7561678998283544, "lithium-ion": 0.7561678998283544, "ah": 0.7561678998283544, "system": 0.7165625419408133, "actuator": 0.7116929584516607, "cylinder": 0.7116929584516607, "pressure": 0.6713443228065556, "arm": 0.6433874309055317, "degree": 0.6433874309055317, "motion": 0.6433874309055317, "alloy": 0.6428117983371844, "kg": 0.6428117983371844, "platform": 0.6428117983371844, "maximum": 0.6428117983371844, "kn": 0.6428117983371844, "encoders": 0.6428117983371844, "resolution": 0.6428117983371844, "sensitivity": 0.6428117983371844, "mhz": 0.6428117983371844, "integration": 0.6428117983371844, "hour": 0.6428117983371844, "force": 0.5842184916092, "sensor": 0.5842184916092, "aluminum": 0.5623843643856178, "second": 0.5623843643856178, "pump": 0.5623843643856178, "frequency": 0.5623843643856178, "bus": 0.5623843643856178, "backup": 0.5623843643856178, "manufacturing": 0.5623843643856178, "power": 0.5591410911783334, "base": 0.5, "network": 0.5, "response": 0.5, "battery": 0.5, "loss": 0.5, "durability": 0.5, "operation": 0.4853416134266715, "operating": 0.44902826289444775, "positioning": 0.44902826289444775, "monitor": 0.44902826289444775, "module": 0.44902826289444775, "application": 0.44310883106498367, "frame": 0.40593227323220027, "communication": 0.40593227323220027, "strength": 0.40593227323220027, "speed": 0.3686008289428812, "prevent": 0.3686008289428812, "condition": 0.3686008289428812, "time": 0.3686008289428812, "environment": 0.3686008289428812, "support": 0.3356721614032778, "supply": 0.3356721614032778, "line": 0.3062164645572634, "component": 0.2795705455891667, "case": 0.2552447274517113}}