{"tf_idf": {"invention": 2.8351937443998945, "gas": 7.144247574369891, "device": 3.830887624652548, "blow-by": 8.960776402197133, "path": 4.157482099375312, "recirculates": 2.866760557116561, "engine": 3.141673564293351, "side": 2.4849066497880004, "compressor": 9.350970177932975, "supercharger": 5.077731717135226, "air": 3.994646586991649, "temperature": 2.4315800379658836, "\u00b0": 2.866760557116561, "c.": 2.4213116067227882, "water": 3.754260639166214, "housing": 3.835159530396744, "turbocharger": 3.547157389255864, "material": 1.3862943611198906, "extension": 3.0553550706986368, "portion": 3.673943854763614, "introduction": 3.617449063699852, "return": 2.656543035863449, "intake": 7.094314778511728, "flow": 4.193539847122135, "technique": 0.6931471805599453, "heat": 4.8014851605973305, "example": 1.7604451028657908, "patent": 2.656543035863449, "document": 2.866760557116561, "publication": 1.808724531849926, "provide": 0.8478185040135232, "metal": 2.725015263724081, "problem": 2.3472003889562933, "configuration": 2.650538755233871, "becomes": 2.656543035863449, "sl": 1.808724531849926, "apparatus": 1.8601122990869186, "passage": 2.4213116067227882, "resin": 3.9489891420721066, "duct": 4.8938247926519844, "part": 2.0794415416798357, "transfer": 2.9399309147390658, "member": 4.568325881372027, "exhaust": 5.642401126345648, "system": 0.9939033538999111, "conductivity": 3.547157389255864, "opening": 3.617449063699852, "turbine": 6.489463434080055, "prevent": 2.8211262369823626, "freezing": 2.866760557116561, "weight": 2.094449042862234, "simple": 1.808724531849926, "show": 0.9403754123274543, "structure": 1.6956370080270464, "embodiment": 2.754348456765702, "figure": 1.4904597651392102, "reference": 1.6956370080270464, "dimension": 1.047224521431117, "value": 0.9403754123274543, "limit": 0.6931471805599453, "specification": 1.047224521431117, "drawing": 1.3437605362789433, "element": 1.0986122886681096, "omit": 1.808724531849926, "duplicate": 1.808724531849926, "description": 0.6270831981499161, ">": 2.4213116067227882, "fig": 1.7604451028657908, "view": 0.6270831981499161, "cylinder": 4.468312476974133, "block": 1.980540170840716, "crankcase": 5.077731717135226, "head": 4.761803582561202, "cover": 1.3437605362789433, "oil": 4.468312476974133, "pan": 2.656543035863449, "plurality": 1.7790091208074126, "piston": 3.9489891420721066, "rod": 2.1052605466977523, "space": 2.1915790402924666, "bore": 1.5276775353493184, "surface": 1.791759469228055, "combustion": 4.091391634269863, "chamber": 8.501800628683545, "crankshaft": 3.0553550706986368, "port": 3.0393975443059897, "communicate": 2.1052605466977523, "valve": 5.8164105835290565, "tip": 1.5276775353493184, "camshaft": 3.547157389255864, "cam": 3.547157389255864, "end": 2.0794415416798357, "rotation": 1.4904597651392102, "shaft": 2.707036117735097, "move": 1.4904597651392102, "direction": 1.3862943611198906, "result": 1.8807508246549085, "injector": 1.5276775353493184, "spark": 1.808724531849926, "plug": 2.4213116067227882, "fuel": 1.047224521431117, "mix": 1.808724531849926, "form": 1.0986122886681096, "mixture": 2.866760557116561, "timing": 1.808724531849926, "reciprocates": 1.808724531849926, "motion": 1.6598115963039792, "connecting": 1.5276775353493184, "manifold": 2.4213116067227882, "intercooler": 2.4213116067227882, "order": 1.0986122886681096, "downstream": 1.808724531849926, "catalyst": 2.866760557116561, "pass": 2.094449042862234, "muffler": 1.808724531849926, "rotor": 2.3472003889562933, "impeller": 5.733521114233122, "power": 0.6931471805599453, "compress": 1.808724531849926, "support": 0.8478185040135232, "separator": 6.008452838264261, "gap": 1.808724531849926, "communicates": 2.3472003889562933, "addition": 0.6931471805599453, "backflow": 1.808724531849926, "ventilation": 3.0553550706986368, "hole": 3.547157389255864, "throttle": 1.808724531849926, "pressure": 1.3437605362789433, "crank": 2.4213116067227882, "hand": 1.3282715179317246, "diagram": 1.2143626459102064, "illustrating": 2.4213116067227882, "way": 0.7661775249305096, "semi-combustion": 1.808724531849926, "vapor": 4.199728306414335, "generate": 1.3437605362789433, "ice": 4.583032606047955, "frost": 1.808724531849926, "freeze": 3.617449063699852, "possibility": 1.3282715179317246, "malfunction": 1.5276775353493184, "front": 3.2947122824959867, "cause": 1.047224521431117, "hereinafter": 1.1736001944781467, "described": 1.4904597651392102, "rubber": 1.5276775353493184, "project": 1.1736001944781467, "clamp": 6.484209620816414, "unit": 3.0393975443059897, "copper": 2.4213116067227882, "thereof": 1.2143626459102064, "shape": 1.9685736038343735, "contact": 3.2947122824959867, "respect": 1.1736001944781467, "plate": 1.1736001944781467, "connection": 0.7661775249305096, "place": 0.8478185040135232, "need": 0.9403754123274543, "case": 1.2541663962998322, "achieve": 1.808724531849926, "reduction": 1.1736001944781467, "resin-made": 1.808724531849926, "prevention": 1.808724531849926, "fastening": 5.077731717135226, "fastens": 1.808724531849926, "function": 1.3437605362789433, "whereas": 1.808724531849926, "therefore": 0.9403754123274543, "viewpoint": 1.3282715179317246, "heating": 3.0841509551243544, "person": 1.3282715179317246, "modification": 0.9939033538999111, "scope": 0.9939033538999111, "claim": 0.6931471805599453, "understood": 0.9403754123274543, "method": 0.6931471805599453, "matter": 1.5276775353493184, "component": 0.6931471805599453}, "key_nouns": {"compressor": 1.0, "blow-by": 0.9582723751320856, "chamber": 0.9091891500998094, "gas": 0.7640113740528602, "intake": 0.7586715221542841, "turbine": 0.6939882504806091, "clamp": 0.6934264036172708, "separator": 0.6425486044692343, "valve": 0.6220114568705394, "impeller": 0.6131471927654584, "exhaust": 0.6034027506216362, "supercharger": 0.5430165662508459, "crankcase": 0.5430165662508459, "fastening": 0.5430165662508459, "duct": 0.5233494171760646, "heat": 0.5134745453394971, "head": 0.5092309666218822, "ice": 0.4901130598045636, "member": 0.4885403112665954, "cylinder": 0.4778448002666874, "oil": 0.4778448002666874, "vapor": 0.4491222008519636, "flow": 0.4484604022177636, "path": 0.44460435872059645, "combustion": 0.4375365931467725, "air": 0.42719060279097826, "resin": 0.42230796023616746, "piston": 0.42230796023616746, "housing": 0.4101349333192401, "device": 0.40967809240723757, "water": 0.4014835431756334, "portion": 0.3928944039874734, "introduction": 0.3868528072345416, "opening": 0.3868528072345416, "freeze": 0.3868528072345416, "turbocharger": 0.37933576107714206, "conductivity": 0.37933576107714206, "camshaft": 0.37933576107714206, "cam": 0.37933576107714206, "hole": 0.37933576107714206, "front": 0.35233908565670136, "contact": 0.35233908565670136, "engine": 0.3359730064915912, "heating": 0.32982149407368805, "extension": 0.32674203986970907, "crankshaft": 0.32674203986970907, "ventilation": 0.32674203986970907, "port": 0.3250355296264934, "unit": 0.3250355296264934, "transfer": 0.3143984911508867, "recirculates": 0.3065735963827292, "\u00b0": 0.3065735963827292, "document": 0.3065735963827292, "freezing": 0.3065735963827292, "mixture": 0.3065735963827292, "catalyst": 0.3065735963827292, "invention": 0.30319781695920367, "prevent": 0.30169342681039013, "embodiment": 0.29455215922574446, "metal": 0.291415244821842, "shaft": 0.28949254101176963, "return": 0.2840927716925599, "patent": 0.2840927716925599, "becomes": 0.2840927716925599, "pan": 0.2840927716925599, "configuration": 0.28345066926732204, "side": 0.26573784350762275, "temperature": 0.26003505429886664, "c.": 0.2589369403013129, "passage": 0.2589369403013129, ">": 0.2589369403013129, "plug": 0.2589369403013129, "manifold": 0.2589369403013129, "intercooler": 0.2589369403013129, "crank": 0.2589369403013129, "illustrating": 0.2589369403013129, "copper": 0.2589369403013129, "problem": 0.25101142921997216, "rotor": 0.25101142921997216, "communicates": 0.25101142921997216, "space": 0.23436916155120424,