{"tf_idf": {"arm": 1.5951686999074084, "system": 1.8985064697688345, "precision": 2.2099694814659503, "duty": 1.8747885142599554, "application": 1.0986122886681096, "component": 0.6931471805599453, "operation": 1.203321223436308, "load": 1.9648212338551168, "capacity": 2.479328353776352, "time": 1.8277649728471048, "control": 2.1219694206523645, "base": 1.239664176888176, "frame": 1.0064393947374835, "strength": 1.5951686999074084, "aluminum": 1.394335500341754, "alloy": 1.5937415177593477, "foundation": 1.8747885142599554, "kg": 1.5937415177593477, "degree": 2.012878789474967, "platform": 1.5937415177593477, "speed": 0.9138824864235524, "second": 1.394335500341754, "range": 0.9138824864235524, "motion": 1.5951686999074084, "actuator": 1.7645205310721777, "cylinder": 1.7645205310721777, "maximum": 1.5937415177593477, "operating": 1.1132885038411462, "pressure": 1.6644830146810774, "bar": 1.9648212338551168, "force": 1.4484694710471415, "mm": 2.2099694814659503, "kn": 1.5937415177593477, "kw": 1.8747885142599554, "pump": 1.394335500341754, "sensing": 1.8747885142599554, "sensor": 1.4484694710471415, "network": 1.239664176888176, "resolution": 2.526020541490986, "encodes": 1.8747885142599554, "positioning": 1.1132885038411462, "sensitivity": 1.5937415177593477, "+": 1.5937415177593477, "-0.5": 1.8747885142599554, "monitor": 1.1132885038411462, "prevent": 0.9138824864235524, "overload": 1.8747885142599554, "condition": 0.9138824864235524, "module": 1.1132885038411462, "bit": 1.5937415177593477, "microcontroller": 1.8747885142599554, "mhz": 1.5937415177593477, "frequency": 1.394335500341754, "khz": 1.8747885142599554, "response": 1.239664176888176, "support": 0.8322415073405387, "bus": 1.394335500341754, "communication": 1.0064393947374835, "seamless": 1.8747885142599554, "integration": 1.5937415177593477, "automation": 1.8747885142599554, "power": 1.3862943611198906, "supply": 0.8322415073405387, "backup": 1.394335500341754, "lithium": 1.8747885142599554, "ion": 1.8747885142599554, "battery": 1.239664176888176, "ah": 1.8747885142599554, "hour": 1.5937415177593477, "case": 0.6328354899229449, "loss": 1.239664176888176, "durability": 1.239664176888176, "manufacturing": 1.394335500341754, "line": 0.7592111629699746, "environment": 0.9138824864235524}, "key_nouns": {"resolution": 1.0, "capacity": 0.9815155154331904, "precision": 0.8748818329725512, "mm": 0.8748818329725512, "control": 0.8400444041519433, "degree": 0.7968576487849395, "load": 0.7778326429188018, "bar": 0.7778326429188018, "system": 0.7515799806791117, "duty": 0.7421905259540603, "foundation": 0.7421905259540603, "kw": 0.7421905259540603, "sensing": 0.7421905259540603, "encodes": 0.7421905259540603, "-0.5": 0.7421905259540603, "overload": 0.7421905259540603, "microcontroller": 0.7421905259540603, "khz": 0.7421905259540603, "seamless": 0.7421905259540603, "automation": 0.7421905259540603, "lithium": 0.7421905259540603, "ion": 0.7421905259540603, "ah": 0.7421905259540603, "time": 0.7235748652179466, "actuator": 0.6985376809448539, "cylinder": 0.6985376809448539, "pressure": 0.6589348690326225, "arm": 0.6314947458684791, "strength": 0.6314947458684791, "motion": 0.6314947458684791, "alloy": 0.6309297535714575, "kg": 0.6309297535714575, "platform": 0.6309297535714575, "maximum": 0.6309297535714575, "kn": 0.6309297535714575, "sensitivity": 0.6309297535714575, "+": 0.6309297535714575, "bit": 0.6309297535714575, "mhz": 0.6309297535714575, "integration": 0.6309297535714575, "hour": 0.6309297535714575, "force": 0.573419513917405, "sensor": 0.573419513917405, "aluminum": 0.5519889792815168, "second": 0.5519889792815168, "pump": 0.5519889792815168, "frequency": 0.5519889792815168, "bus": 0.5519889792815168, "backup": 0.5519889792815168, "manufacturing": 0.5519889792815168, "power": 0.5488056563077784, "base": 0.4907577577165952, "network": 0.4907577577165952, "response": 0.4907577577165952, "battery": 0.4907577577165952, "loss": 0.4907577577165952, "durability": 0.4907577577165952, "operation": 0.4763703238636557, "operating": 0.440728206898914, "positioning": 0.440728206898914, "monitor": 0.440728206898914, "module": 0.440728206898914, "application": 0.4349181927157459, "frame": 0.39842882439246974, "communication": 0.39842882439246974, "speed": 0.3617874326089733, "range": 0.3617874326089733, "prevent": 0.3617874326089733, "condition": 0.3617874326089733, "environment": 0.3617874326089733, "support": 0.3294674345163113, "supply": 0.3294674345163113, "line": 0.3005562110440517, "component": 0.2744028281538892, "case": 0.2505266602263706}}