{"tf_idf": {"device": 6.7245649550807, "pc": 8.802752240203107, "variety": 1.6907604679221495, "hardware": 4.275665517902076, "keyboard": 5.032252486433831, "mouse": 5.929718726298424, "touchpads": 4.493163532172533, "storage": 5.929718726298424, "printer": 9.844750386509181, "display": 9.143042681839601, "work": 3.381520935844299, "part": 1.4146633486931457, "configure": 7.681185230028124, "interface": 3.3081064167926963, "setting": 5.522203254472889, "+": 3.8999276025755285, ">": 4.810482332815085, "page": 5.722083968034794, "type": 3.0881224781237657, "chapter": 4.64351441593666, "ink": 1.6540532083963482, "capability": 2.725015263724081, "try": 1.9351002048969557, "install": 1.9351002048969557, "class": 1.1736001944781467, "driver": 4.64351441593666, "notification": 3.649493650252907, "change": 2.8293266973862914, "look": 1.6540532083963482, "window": 7.583771934694773, "software": 2.060413001869858, "update": 3.3081064167926963, "security": 1.4546471909787544, "oftentimes": 1.9351002048969557, "maker": 5.432513084892147, "website": 1.9351002048969557, "video": 3.3775861808825525, "custom": 2.305561249480692, "application": 2.060413001869858, "advantage": 1.6907604679221495, "determine": 1.2999758675251762, "drive": 4.275665517902076, "memory": 3.3775861808825525, "card": 4.64351441593666, "smartphone": 1.4546471909787544, "action": 4.318426357007455, "time": 0.7534588711969457, "choice": 2.757511553296633, "autoplay": 1.9351002048969557, "select": 4.64351441593666, "list": 3.360388869395034, "pair": 4.64351441593666, "connect": 5.0021614647964565, "area": 2.1335021707489674, "network": 1.1736001944781467, "pan": 1.9351002048969557, "radio": 1.6540532083963482, "desktop": 1.9351002048969557, "add": 1.6540532083963482, "press": 1.4546471909787544, "hold": 1.6540532083963482, "button": 6.46220492451979, "manufacturer": 1.6540532083963482, "documentation": 1.9351002048969557, "support": 2.9225825311816584, "feature": 1.6390457072139497, "swift": 1.6540532083963482, "notify": 1.9351002048969557, "offer": 1.860112299086919, "yes": 3.067061259899501, "bluetooth": 3.067061259899501, "animation": 1.6540532083963482, "use": 2.5029361925712523, "enter": 1.4546471909787544, "pin": 3.067061259899501, "password": 1.9351002048969557, "pairing": 1.9351002048969557, "process": 1.5440612390618829, "straightforward": 1.6540532083963482, "touchpad": 6.428263737069489, "pointing": 3.067061259899501, "manage": 4.962159625189044, "get": 1.4546471909787544, "option": 7.8648369285171835, "scroll": 2.621612309505728, "wheel": 2.621612309505728, "link": 2.757511553296633, "access": 2.7349088180108, "legacy": 1.6540532083963482, "property": 1.6907604679221495, "control": 1.5440612390618829, "panel": 1.9351002048969557, "configuration": 6.120724188268552, "pointer": 3.067061259899501, "example": 1.7494773213743064, "let": 4.083710951451474, "thinkpad": 1.9351002048969557, "utility": 3.8702004097939113, "name": 1.860112299086919, "version": 2.060413001869858, "gesture": 5.0021614647964565, "addition": 2.1335021707489674, "surface": 2.305561249480692, "move": 1.2999758675251762, "track": 1.6540532083963482, "perform": 1.6540532083963482, "sensitivity": 1.4546471909787544, "form": 0.8925531979775391, "take": 1.9351002048969557, "course": 1.860112299086919, "menu": 2.621612309505728, "precision": 1.6540532083963482, "touch": 2.305561249480692, "confusing": 1.9351002048969557, "nothing": 1.6540532083963482, "way": 2.07244434656561, "trigger": 1.9351002048969557, "behavior": 2.305561249480692, "tablet": 3.8702004097939113, "section": 2.9225825311816584, "screen": 3.840592615014062, "taskbar": 7.909650181612225, "show": 2.07244434656561, "sd": 1.9351002048969557, "smartphones": 1.9351002048969557, "default": 6.8972778274078035, "folder": 3.067061259899501, "user": 1.4546471909787544, "account": 0.8195228536069749, "document": 4.275665517902076, "music": 2.305561249480692, "picture": 2.305561249480692, "store": 2.5999517350503525, "medium": 1.1736001944781467, "file": 5.432513084892147, "system": 2.118435845058024, "sense": 1.2999758675251762, "reason": 1.4546471909787544, "reconfigure": 1.9351002048969557, "anything": 1.9351002048969557, "ssd": 1.9351002048969557, "disk": 1.9351002048969557, "storing": 1.9351002048969557, "game": 1.4546471909787544, "likewise": 1.4546471909787544, "microsd": 1.9351002048969557, "slot": 1.9351002048969557, "case": 0.8925531979775391, "content": 3.8702004097939113, "data": 1.2999758675251762, "printing": 3.8702004097939113, "year": 1.0667510853744837, "wrinkle": 1.9351002048969557, "print": 5.929718726298424, "pdf": 6.134122519799002, "scanner": 4.493163532172533, "turn": 1.2999758675251762, "set": 1.860112299086919, "app": 2.305561249480692, "preference": 1.6540532083963482, "copy": 1.9351002048969557, "format": 1.9351002048969557, "edge": 2.305561249480692, "ctrl": 1.6540532083963482, "p": 2.725015263724081, "location": 0.9741941770605529, "scenario": 1.9351002048969557, "computer": 1.6540532083963482, "adapter": 4.493163532172533, "degree": 1.4546471909787544, "possibility": 1.4546471909787544, "port": 1.9351002048969557, "technology": 2.476919315382601, "miracast": 5.432513084892147, "connection": 4.083710951451474, "sound": 1.9351002048969557, "success": 1.6540532083963482, "duplicate": 4.493163532172533, "mode": 3.840592615014062, "view": 1.860112299086919, "resolution": 3.3775861808825525, "scaling": 3.067061259899501, "towards": 1.4546471909787544, "winkey": 1.9351002048969557, "project": 2.3472003889562933, "pane": 4.275665517902076, "multi-display": 1.9351002048969557, "setup": 1.9351002048969557, "center": 1.860112299086919, "tile": 3.067061259899501, "result": 0.8195228536069749, "output": 1.0667510853744837, "apps": 3.3081064167926963, "hd": 1.9351002048969557, "thing": 1.4546471909787544, "hdtv": 1.9351002048969557, "hdmi": 2.621612309505728, "cable": 2.621612309505728, "orientation": 1.6540532083963482, "brightness": 1.9351002048969557, "personalize": 1.9351002048969557, "*": 1.6540532083963482, "information": 0.9741941770605529, "number": 0.7534588711969457, "productive": 1.9351002048969557, "personalization": 1.9351002048969557, "bit": 1.9351002048969557, "layout": 1.9351002048969557, "taskbars": 1.9351002048969557, "label": 3.067061259899501, "tv": 2.621612309505728, "source": 1.0667510853744837, "target": 1.2999758675251762, "requirement": 2.621612309505728, "intel": 1.9351002048969557, "wireless": 5.0021614647964565, "widi": 1.9351002048969557, "meet": 1.6540532083963482, "search": 1.2999758675251762, "mine": 1.9351002048969557, "shot": 1.9351002048969557, "load": 1.9351002048969557, "projection": 3.8702004097939113, "overlay": 1.9351002048969557, "toolbar": 3.3081064167926963, "gear": 1.4546471909787544, "icon": 2.621612309505728, "customize": 1.9351002048969557, "need": 1.1736001944781467, "gaming": 1.6540532083963482}, "key_nouns": {"printer": 1.0, "display": 0.9287226514517656, "pc": 0.8941569765208082, "taskbar": 0.8034383677671774, "option": 0.7988863729135087, "configure": 0.7802315882537851, "window": 0.7703366400317518, "default": 0.700604642740311, "device": 0.6830609909922909, "button": 0.6564112517647289, "touchpad": 0.6529636084911308, "pdf": 0.6230856323391334, "configuration": 0.6217246703030812, "mouse": 0.6023229125671132, "storage": 0.6023229125671132, "print": 0.6023229125671132, "page": 0.5812320011562802, "setting": 0.5609287221787032, "maker": 0.5518182657364911, "file": 0.5518182657364911, "miracast": 0.5518182657364911, "keyboard": 0.5111610034653403, "connect": 0.5081044484023893, "gesture": 0.5081044484023893, "wireless": 0.5081044484023893, "manage": 0.5040411823939155, ">": 0.48863426130206017, "chapter": 0.47167416477109775, "driver": 0.47167416477109775, "card": 0.47167416477109775, "select": 0.47167416477109775, "pair": 0.47167416477109775, "touchpads": 0.4564019762583081, "scanner": 0.4564019762583081, "adapter": 0.4564019762583081, "duplicate": 0.4564019762583081, "action": 0.43865270194409794,