{"tf_idf": {"forum": 0.6931471805599453, "http": 1.0986122886681098, "*": 2.995732273553991, "ign": 1.3862943611198906, "game": 1.791759469228055, "year": 1.3862943611198906, "aias": 0.6931471805599453, "winner": 0.6931471805599453, "imga": 0.6931471805599453, "excellence": 0.6931471805599453, "gameplay": 0.6931471805599453, "prix": 0.6931471805599453, "award": 0.6931471805599453, "entertainment": 0.6931471805599453, "video": 0.6931471805599453, "infinity": 2.1972245773362196, "story": 1.0986122886681098, "editor": 1.3862943611198906, "choice": 1.3862943611198906, "touch": 1.3862943611198906, "gen": 0.6931471805599453, "today": 0.6531633382743367, "g4tv.com": 0.6931471805599453, "modojo": 0.6931471805599453, "slide": 0.6931471805599453, "play": 1.6094379124341003, "gamespot": 0.6931471805599453, "io": 1.3862943611198906, "masterpiece": 0.6931471805599453, "king": 1.0986122886681098, "reign": 0.6931471805599453, "sequel": 0.6931471805599453, "usa": 0.6931471805599453, "masterful": 0.6931471805599453, "epic": 0.6931471805599453, "god": 0.6931471805599453, "hero": 0.6931471805599453, "truth": 1.0986122886681098, "blade": 1.6094379124341003, "journey": 1.0986122886681098, "siris": 0.6931471805599453, "unfolds": 0.6931471805599453, "world": 1.0986122886681098, "deathless": 1.0986122886681098, "legion": 0.6931471805599453, "titan": 0.6931471805599453, "mystery": 0.6931471805599453, "power": 1.3862943611198906, "timeless": 0.6931471805599453, "swordplay": 0.6931471805599453, "adventure": 0.6931471805599453, "champion": 0.6931471805599453, "villain": 0.6931471805599453, "environment": 0.6931471805599453, "time": 0.6931471805599453, "venture": 0.6931471805599453, "location": 0.41210018405933774, "asian": 0.6931471805599453, "estate": 0.6931471805599453, "medieval": 0.6931471805599453, "vault": 0.6931471805599453, "path": 0.6931471805599453, "explore": 0.6931471805599453, "style": 1.0986122886681098, "combat": 0.6931471805599453, "class": 1.0986122886681098, "weapon": 1.0986122886681098, "armor": 0.6931471805599453, "spell": 0.6931471805599453, "capability": 1.0986122886681098, "wielding": 0.6931471805599453, "standard": 0.6931471805599453, "discipline": 0.6931471805599453, "pick-up": 0.6931471805599453, "use": 0.6931471805599453, "master": 0.6931471805599453, "character": 0.6931471805599453, "customization": 0.6931471805599453, "create": 0.6931471805599453, "forge": 0.6931471805599453, "object": 0.6931471805599453, "discover": 1.0986122886681098, "all-new": 0.6931471805599453, "challenge": 1.0986122886681098, "jump": 0.6931471805599453, "clashmob": 1.3862943611198906, "experience": 1.0986122886681098, "reward": 0.6531633382743367, "post": 0.6931471805599453, "progress": 0.6931471805599453, "facebook": 0.8242003681186755, "twitter": 1.0986122886681098, "recruit": 0.6931471805599453, "friend": 0.41210018405933774, "mob": 0.6931471805599453, "perk": 0.6931471805599453, "achievement": 0.6931471805599453, "note": 0.6531633382743367, "feature": 0.8242003681186755, "require": 0.6931471805599453, "account": 0.6531633382743367, "past": 0.6931471805599453, "realm": 0.6931471805599453, "saydhi": 0.6931471805599453, "worker": 0.6931471805599453, "hold": 0.6931471805599453, "technology": 0.6931471805599453, "mobile": 0.6931471805599453, "gaming": 0.6931471805599453, "support": 1.0986122886681098, "hdmi": 0.6931471805599453, "output": 0.6931471805599453, "app": 1.0986122886681098, "device": 1.0986122886681098, "iphone": 2.3978952727983707, "se": 0.6931471805599453, "ipad": 1.9459101490553132, "air": 1.0986122886681098, "mini": 1.6094379124341003, "ipod": 1.0986122886681098, "price": 0.41210018405933774, "issue": 0.6931471805599453, "page": 0.6931471805599453, "version": 0.6931471805599453, "parent": 0.6931471805599453, "purchasing": 0.6931471805599453, "setting": 0.6931471805599453, "optional": 0.6931471805599453, "infinityblade": 0.6931471805599453}, "key_nouns": {"*": 1.0, "iphone": 0.8004371064686714, "infinity": 0.7334515826841693, "ipad": 0.6495607655709434, "game": 0.5981040045018439, "play": 0.5372435736804817, "blade": 0.5372435736804817, "mini": 0.5372435736804817, "ign": 0.46275642631951835, "year": 0.46275642631951835, "editor": 0.46275642631951835, "choice": 0.46275642631951835, "touch": 0.46275642631951835, "io": 0.46275642631951835, "power": 0.46275642631951835, "clashmob": 0.46275642631951835, "http": 0.36672579134208466, "story": 0.36672579134208466, "king": 0.36672579134208466, "truth": 0.36672579134208466, "journey": 0.36672579134208466, "world": 0.36672579134208466, "deathless": 0.36672579134208466, "style": 0.36672579134208466, "class": 0.36672579134208466, "weapon": 0.36672579134208466, "capability": 0.36672579134208466, "discover": 0.36672579134208466, "challenge": 0.36672579134208466, "experience": 0.36672579134208466, "twitter": 0.36672579134208466, "support": 0.36672579134208466, "app": 0.36672579134208466, "device": 0.36672579134208466, "air": 0.36672579134208466, "ipod": 0.36672579134208466, "facebook": 0.27512484189412706, "feature": 0.27512484189412706, "forum": 0.23137821315975918, "aias": 0.23137821315975918, "winner": 0.23137821315975918, "imga": 0.23137821315975918, "excellence": 0.23137821315975918, "gameplay": 0.23137821315975918, "prix": 0.23137821315975918, "award": 0.23137821315975918, "entertainment": 0.23137821315975918, "video": 0.23137821315975918, "gen": 0.23137821315975918, "g4tv.com": 0.23137821315975918, "modojo": 0.23137821315975918, "slide": 0.23137821315975918, "gamespot": 0.23137821315975918, "masterpiece": 0.23137821315975918, "reign": 0.23137821315975918, "sequel": 0.23137821315975918, "usa": 0.23137821315975918, "masterful": 0.23137821315975918, "epic": 0.23137821315975918, "god": 0.23137821315975918, "hero": 0.23137821315975918, "siris": 0.23137821315975918, "unfolds": 0.23137821315975918, "legion": 0.23137821315975918, "titan": 0.23137821315975918, "mystery": 0.23137821315975918, "timeless": 0.23137821315975918, "swordplay": 0.23137821315975918, "adventure": 0.23137821315975918, "champion": 0.23137821315975918, "villain": 0.23137821315975918, "environment": 0.23137821315975918, "time": 0.23137821315975918, "venture": 0.23137821315975918, "asian": 0.23137821315975918, "estate": 0.23137821315975918, "medieval": 0.23137821315975918, "vault": 0.23137821315975918, "path": 0.23137821315975918, "explore": 0.23137821315975918, "combat": 0.23137821315975918, "armor": 0.23137821315975918, "spell": 0.23137821315975918, "wielding": 0.23137821315975918, "standard": 0.23137821315975918, "discipline": 0.23137821315975918, "pick-up": 0.23137821315975918, "use": 0.23137821315975918, "master": 0.23137821315975918, "character": 0.23137821315975918, "customization": 0.23137821315975918, "create": 0.23137821315975918, "forge": 0.23137821315975918, "object": 0.23137821315975918, "all-new": 0.23137821315975918, "jump": 0.23137821315975918, "post": 0.23137821315975918, "progress": 0.23137821315975918, "recruit": 0.23137821315975918, "mob": 0.23137821315975918, "perk": 0.23137821315975918, "achievement": 0.23137821315975918, "require": 0.23137821315975918, "past": 0.23137821315975918, "realm": 0.23137821315975918, "saydhi": 0.23137821315975918, "worker": 0.23137821315975918, "hold": 0.23137821315975918, "technology": 0.23137821315975918, "mobile": 0.23137821315975918, "gaming": 0.23137821315975918, "hdmi": 0.23137821315975918, "output": 0.23137821315975918, "se": 0.23137821315975918, "issue": 0.23137821315975918, "page": 0.23137821315975918, "version": 0.23137821315975918, "parent": 0.23137821315975918, "purchasing": 0.23137821315975918, "setting": 0.23137821315975918, "optional": 0.23137821315975918, "infinityblade": 0.23137821315975918, "today": 0.21803127870951416, "reward": 0.21803127870951416, "note": 0.21803127870951416, "account": 0.21803127870951416, "location": 0.13756242094706353, "friend": 0.13756242094706353, "price": 0.13756242094706353}}